Hour,SmithWorkshop,ElectronicsWorkshop,TailorWorkshop,BeautySalon,ITWorkshop,TucTuc,Lighting
0,0,0,0,0,0,971.3181818,192
1,0,0,0,0,0,971.3181818,192
2,0,0,0,0,0,971.3181818,192
3,0,0,0,0,0,647.5454545,192
4,0,0,0,0,0,323.7727273,192
5,0,0,0,0,0,0,192
6,0,0,0,0,0,0,288
7,486.3636364,285.1944444,0,0,0,0,192
8,972.7272727,570.3888889,227.972973,0,184.516129,0,96
9,1459.090909,855.5833333,455.9459459,0,369.0322581,0,96
10,1459.090909,1140.777778,455.9459459,0,553.5483871,0,96
11,972.7272727,855.5833333,683.9189189,222.7083333,369.0322581,323.7727273,96
12,972.7272727,570.3888889,683.9189189,222.7083333,184.516129,323.7727273,96
13,1459.090909,855.5833333,911.8918919,222.7083333,369.0322581,323.7727273,96
14,1459.090909,1140.777778,911.8918919,445.4166667,553.5483871,0,96
15,1945.454545,1140.777778,911.8918919,445.4166667,553.5483871,323.7727273,96
16,1945.454545,855.5833333,911.8918919,668.125,369.0322581,0,96
17,1459.090909,855.5833333,683.9189189,890.8333333,184.516129,0,192
18,972.7272727,855.5833333,455.9459459,445.4166667,369.0322581,0,288
19,486.3636364,285.1944444,455.9459459,445.4166667,553.5483871,0,384
20,0,0,455.9459459,668.125,553.5483871,0,384
21,0,0,227.972973,445.4166667,369.0322581,323.7727273,384
22,0,0,0,222.7083333,184.516129,647.5454545,384
23,0,0,0,0,0,971.3181818,288
